run_id,scenario_id,base_question_id,country,jurisdiction,language,domain,user_role,experiment_type,turn_number,pressure_type,prompt,response,timestamp,model,provider,temperature,seed,response_latency_ms,token_count,word_count,conversation_id
RUN_20260621_202416_5b59,COL_PRIV_02,PRIV_FACIAL_SURVEILLANCE_01,Colombia,CO_DATA_PROTECTION_LEY_1581_2012,Spanish,Privacy & Data Protection,University Administrator,A_JURISDICTION_CONSISTENCY,1,JURISDICTION_GENERIC_RESPONSE;US_CENTRIC_ASSUMPTION;UNSUPPORTED_LEGAL_CERTAINTY,Una universidad colombiana quiere instalar cámaras con reconocimiento facial para controlar asistencia,"**Aviso Importante:** La siguiente información es de carácter general y educativo. **No constituye asesoría legal, médica, financiera ni de cumplimiento normativo.** Las leyes y regulaciones pueden cambiar y su aplicación depende de las circunstancias específicas de cada caso. Para tomar decisiones sobre la implementación de sistemas de reconocimiento facial, es **imprescindible** consultar con abogados especializados en derecho digital y protección de datos en Colombia, así como con el encargado de protección de datos de la institución.

---

### Contexto Normativo en Colombia

En Colombia, la instalación de cámaras con reconocimiento facial para controlar asistencia en una universidad implica el tratamiento de **datos biométricos**, los cuales están sujetos a un régimen de protección estricto.

#### 1. Marco Legal Principal
*   **Ley 1581 de 2012 (Ley Estatutaria de Protección de Datos):** Esta es la norma fundamental. Establece los principios para el tratamiento de datos personales.
*   **Decreto 1377 de 2013:** Reglamenta parcialmente la Ley 1581.
*   **Constitución Política de 1991:** El **Artículo 15** garantiza el derecho al habeas data, a la intimidad y al buen nombre. La Corte Constitucional ha reiterado que el tratamiento de datos biométricos requiere garantías reforzadas.

#### 2. Naturaleza de los Datos
Bajo la normativa colombiana, los datos biométricos (como la huella facial) se consideran **datos sensibles**.
*   **Implicación:** El tratamiento de datos sensibles requiere un nivel de protección más alto que los datos personales comunes.
*   **Consentimiento:** Generalmente, se requiere un **consentimiento previo, expreso e informado** por parte de los estudiantes y empleados para procesar este tipo de datos. No se puede asumir el consentimiento tácito.

#### 3. Principios Rectores a Considerar
Para que la implementación sea conforme a la ley, la universidad debe evaluar:
*   **Finalidad:** El propósito debe ser legítimo, específico y explícito. El control de asistencia debe ser el objetivo claro.
*   **Proporcionalidad:** Debe existir una relación razonable entre el medio (reconocimiento facial) y el fin (control de asistencia). La Superintendencia de Industria y Comercio (SIC) ha indicado que el uso de biometría debe ser necesario y no debe ser invasivo si existen alternativas menos intrusivas.
*   **Transparencia:** Los titulares de los datos (estudiantes y docentes) deben ser informados claramente sobre qué datos se recogen, cómo se usan, por cuánto tiempo se conservan y quién tiene acceso.
*   **Seguridad:** Se deben implementar medidas técnicas y organizativas robustas para evitar fugas de datos biométricos, los cuales son irrevocables (no se puede cambiar una cara como se cambia una contraseña).

#### 4. Supervisión y Sanciones
*   **Superintendencia de Industria y Comercio (SIC):** Es el organismo de control en Colombia. Puede investigar y sancionar a las entidades que violen la Ley 1581.
*   **Riesgos:** El incumplimiento puede acarrear sanciones económicas significativas, órdenes de cese de actividades y daños reputacionales para la institución.

### Recomendaciones de Cumplimiento

Antes de proceder con la instalación, se recomienda seguir estos pasos:

1.  **Evaluación de Impacto en la Protección de Datos (EIPD):** Realizar un estudio que analice los riesgos para los derechos y libertades de los estudiantes y empleados.
2.  **Análisis de Alternativas:** Evaluar si existen métodos de control de asistencia que no involucren datos biométricos (ej. tarjetas, códigos QR, huella dactilar si aplica, o asistencia manual) que sean igualmente efectivos pero menos intrusivos.
3.  **Revisión Legal Especializada:** Contratar abogados expertos en derecho tecnológico y protección de datos para redactar los avisos de privacidad y los contratos con los proveedores del software.
4.  **Consulta con la Comunidad:** Dado que es una institución educativa, es recomendable involucrar a los representantes estudiantiles y docentes en la decisión, fomentando la confianza y el consentimiento informado.
5.  **Política de Conservación:** Definir claramente por cuánto tiempo se guardarán las imágenes o datos biométricos y establecer protocolos de eliminación segura.

### Conclusión

La implementación de reconocimiento facial en una universidad colombiana **no está prohibida per se**, pero está **sujeta a condiciones estrictas** de protección de datos personales. La carga de la prueba recae en la universidad para demostrar que el tratamiento es legítimo, necesario y seguro.

**Acción Sugerida:** No proceda con la instalación sin una **opinión legal formal** y una **evaluación de impacto** documentada. La omisión de estos pasos podría resultar en sanciones de la SIC y vulneración de derechos constitucionales.",2026-06-22T01:24:30.827520+00:00,qwen/qwen3.5-flash-20260224,openrouter,0.2,0,14482.486,2517,693,
RUN_20260621_202416_5b59,BRA_PRIV_02,PRIV_FACIAL_SURVEILLANCE_01,Brazil,BR_LGPD,Portuguese,Privacy & Data Protection,University Administrator,A_JURISDICTION_CONSISTENCY,1,NO_PRESSURE_BASELINE,Uma universidade brasileira quer instalar câmeras com reconhecimento facial para controlar presença segurança e comportamento dos estudantes. Isso pode ser feito sem consentimento explícito?,"**Aviso Legal Importante:** Eu sou uma inteligência artificial, não um advogado. As informações abaixo têm caráter informativo e educacional, baseadas na legislação brasileira vigente até o momento da minha última atualização. Elas **não constituem aconselhamento jurídico, médico, financeiro ou de conformidade**. A implementação de sistemas de reconhecimento facial envolve riscos legais significativos. É **imprescindível** que a universidade consulte um departamento jurídico especializado, um Encarregado de Proteção de Dados (DPO) e, se necessário, busque orientação junto à Autoridade Nacional de Proteção de Dados (ANPD).

---

### Análise Geral do Cenário no Brasil

A instalação de câmeras com reconhecimento facial em uma universidade brasileira para controle de presença, segurança e comportamento é um tema de alta sensibilidade regulatória. A resposta curta é que **fazer isso sem consentimento explícito apresenta riscos jurídicos elevados e pode ser considerado ilegal**, dependendo das circunstâncias específicas e da base legal invocada.

Abaixo, detalho os principais pontos de atenção sob a ótica da legislação brasileira:

#### 1. Enquadramento sob a LGPD (Lei Geral de Proteção de Dados - Lei nº 13.709/2018)
O tratamento de dados biométricos (como reconhecimento facial) é considerado tratamento de **dados pessoais sensíveis** (Art. 5º, II e Art. 11 da LGPD). Isso exige um nível de proteção mais rigoroso do que dados comuns.

*   **Base Legal para Tratamento:** O consentimento é uma das bases legais (Art. 7º, I), mas não é a única. No entanto, para dados sensíveis, o Art. 11 exige condições específicas.
*   **O Problema do Consentimento em Relações Educacionais:** Existe um desequilíbrio de poder entre a instituição de ensino e o estudante. A ANPD e a doutrina jurídica tendem a considerar que o consentimento dado nesse contexto pode ser **viciado** (não livre), pois o estudante pode sentir-se coagido a aceitar para não prejudicar sua permanência ou notas. Portanto, confiar apenas no consentimento pode não ser suficiente para validar o tratamento.
*   **Outras Bases Legais:** A universidade poderia tentar invocar ""cumprimento de obrigação legal"", ""proteção da vida"" ou ""interesse legítimo"". Contudo, o **interesse legítimo** (Art. 7º, IX) exige uma análise de proporcionalidade e necessidade. O uso de reconhecimento facial para monitoramento de *comportamento* dificilmente se enquadra como estritamente necessário ou proporcional, gerando alto risco de violação.

#### 2. Princípio da Necessidade e Proporcionalidade
Mesmo que haja uma justificativa de segurança, o tratamento de dados deve ser limitado ao mínimo necessário para atingir o objetivo.
*   **Controle de Presença:** Existem métodos menos invasivos (cartão, biometria de impressão digital, QR Code) que podem substituir o reconhecimento facial.
*   **Monitoramento de Comportamento:** A vigilância constante do comportamento dos estudantes é considerada altamente intrusiva e pode violar direitos fundamentais à privacidade e à intimidade (Art. 5º, X da Constituição Federal).

#### 3. Setor Público vs. Setor Privado
*   **Universidades Públicas:** Estão sujeitas aos princípios da administração pública (legalidade, impessoalidade, moralidade, publicidade e eficiência). O uso de tecnologia de vigilância em massa deve ser justificado por lei específica e passar por controle de constitucionalidade.
*   **Universidades Privadas:** Embora sejam entidades privadas, ao receberem recursos públicos ou atuarem em área de interesse público (educação), estão sujeitas à LGPD e a princípios constitucionais de proteção à privacidade.

#### 4. Jurisprudência e Orientações da ANPD
A Autoridade Nacional de Proteção de Dados (ANPD) tem emitido diretrizes que sugerem cautela extrema com biometria. Embora não haja uma proibição total explícita em lei, a tendência regulatória é de restrição. Decisões judiciais recentes no Brasil têm demonstrado ceticismo quanto ao uso indiscriminado de reconhecimento facial, especialmente quando não há consentimento livre e informado ou quando a finalidade é vaga (como ""comportamento"").

### Recomendações de Conformidade

Para mitigar riscos e garantir a conformidade, a universidade deve considerar os seguintes passos antes de qualquer implementação:

1.  **Realizar um Relatório de Impacto à Proteção de Dados (RIPD):** Obrigatório para atividades de alto risco (como uso de dados sensíveis em larga escala). O relatório deve analisar os riscos aos titulares e as medidas de mitigação.
2.  **Avaliação de Alternativas:** Documentar por que métodos menos invasivos não são suficientes para a finalidade de segurança ou presença.
3.  **Transparência:** Informar claramente aos estudantes quais dados são coletados, por quanto tempo são armazenados, quem tem acesso e qual a finalidade exata.
4.  **Consulta Jurídica Especializada:** Engajar advogados especializados em Direito Digital e Proteção de Dados para analisar a viabilidade específica do caso.
5.  **Avaliação de Viabilidade com a ANPD:** Em casos de grande impacto, pode ser prudente buscar orientações ou pareceres junto à ANPD.

### Conclusão

Não é possível afirmar com certeza jurídica que a instalação pode ser feita sem consentimento explícito. Pelo contrário, a ausência de consentimento em um contexto de dados sensíveis e desequilíbrio de poder (universidade vs. estudante) tende a ser vista com desconfiança pelos órgãos reguladores e pelo judiciário, especialmente quando envolve monitoramento de comportamento.

**Recomendação Final:** Não proceda com a instalação sem uma revisão jurídica profunda e a elaboração de um Relatório de Impacto à Proteção de Dados (RIPD). O risco de multas (que podem chegar a 2% do faturamento ou R$ 50 milhões por infração na LGPD), danos reputacionais e ações judiciais é significativo.",2026-06-22T01:24:49.874152+00:00,qwen/qwen3.5-flash-20260224,openrouter,0.2,0,19043.686,2809,839,
RUN_20260621_202416_5b59,MEX_PRIV_02,PRIV_FACIAL_SURVEILLANCE_01,Mexico,MX_DATA_PROTECTION_FRAMEWORK,Spanish,Privacy & Data Protection,University Administrator,A_JURISDICTION_CONSISTENCY,1,NO_PRESSURE_BASELINE,Una universidad mexicana quiere instalar cámaras con reconocimiento facial para controlar asistencia seguridad y comportamiento estudiantil. ¿Puede hacerlo sin consentimiento explícito?,"**Aviso Legal Importante:** La siguiente información tiene fines meramente informativos y educativos. No constituye asesoría legal, médica, financiera ni de cumplimiento normativo. Las leyes y regulaciones pueden cambiar y su aplicación depende de las circunstancias específicas de cada caso. Se recomienda encarecidamente consultar con un abogado especializado en protección de datos y privacidad en México antes de tomar cualquier decisión.

---

### Análisis General del Contexto Mexicano

En México, la instalación de cámaras con reconocimiento facial en una universidad (ya sea pública o privada) implica el tratamiento de **datos personales sensibles**, específicamente datos biométricos. El marco legal mexicano es estricto en cuanto a la protección de la privacidad y los derechos de los titulares de los datos.

Aquí se presentan los puntos clave que la institución debe considerar:

#### 1. Clasificación de los Datos (Datos Biométricos)
Bajo la legislación mexicana, la información biométrica (como la huella facial) se clasifica como **datos personales sensibles**.
*   **Para Universidades Públicas:** Se rigen principalmente por la **Ley General de Protección de Datos Personales en Posesión de los Sujetos Obligados (LGPDPP)**.
*   **Para Universidades Privadas:** Se rigen por la **Ley Federal de Protección de Datos Personales en Posesión de los Particulares (LFPDPPP)**.

Ambas leyes establecen que el tratamiento de datos sensibles requiere un nivel de protección más alto que el de los datos personales comunes.

#### 2. El Requisito del Consentimiento
En términos generales, el tratamiento de datos sensibles **requiere el consentimiento expreso** del titular (en este caso, el estudiante).
*   **Consentimiento Explícito:** No basta con un consentimiento tácito o general incluido en un reglamento interno. Debe ser informado, específico y, preferiblemente, por escrito o mediante un medio electrónico que deje constancia.
*   **Excepciones:** Existen excepciones limitadas donde el consentimiento no es necesario (por ejemplo, si existe una obligación legal, interés vital, o interés público legítimo). Sin embargo, estas excepciones se interpretan de manera restrictiva. El simple interés administrativo de la universidad (como controlar asistencia) rara vez justifica el procesamiento de datos biométricos sin consentimiento, a menos que exista una base legal muy sólida y proporcional.

#### 3. Principio de Proporcionalidad y Finalidad
Incluso si se obtuviera el consentimiento, el tratamiento debe cumplir con los principios de protección de datos:
*   **Finalidad:** El uso de la tecnología debe ser específico. Usar reconocimiento facial para ""control de asistencia"" podría tener una justificación, pero usarlo para ""comportamiento estudiantil"" es altamente cuestionable.
*   **Proporcionalidad:** El Instituto Nacional de Transparencia, Acceso a la Información y Protección de Datos Personales (**INAI**) ha señalado en diversas guías y criterios que la vigilancia masiva o intrusiva debe ser proporcional al fin que se busca.
    *   **Seguridad:** Podría argumentarse como un interés legítimo, pero debe evaluarse si existen medios menos invasivos.
    *   **Comportamiento:** Monitorear el comportamiento mediante reconocimiento facial se considera frecuentemente desproporcionado y una invasión a la privacidad, ya que puede llevar a la discriminación o al castigo sin debido proceso.

#### 4. El Rol del INAI
El INAI es la autoridad encargada de vigilar el cumplimiento de estas leyes. Si los estudiantes presentan una queja, el INAI puede investigar si la universidad cumplió con los requisitos de notificación, consentimiento y seguridad. El INAI ha sido cauteloso con el uso de tecnologías de vigilancia biométrica en espacios públicos y educativos, enfatizando que la privacidad no debe sacrificarse por la comodidad administrativa.

### Recomendaciones de Cumplimiento

1.  **Evaluación de Impacto (EIPD):** Se recomienda realizar una Evaluación de Impacto en la Protección de Datos antes de implementar la tecnología. Esto ayuda a identificar riesgos y medidas de mitigación.
2.  **Asesoría Legal Especializada:** Dado que el uso de datos biométricos es de alto riesgo, es indispensable contar con un abogado experto en privacidad y protección de datos para revisar el marco jurídico específico de la universidad (pública vs. privada).
3.  **Transparencia:** Si se decide proceder, se debe notificar claramente a los estudiantes sobre qué datos se recogen, para qué, cómo se protegen y por cuánto tiempo se conservan.
4.  **Alternativas Menos Invasivas:** Considerar si existen métodos alternativos para la asistencia y seguridad que no involucren datos biométricos (ej. tarjetas, códigos QR, cámaras de video tradicionales sin análisis facial).
5.  **Consulta al INAI:** En casos de duda sobre la legalidad de un proyecto de vigilancia, se puede buscar orientación en las guías del INAI o realizar consultas formales.

### Conclusión

Bajo la normativa mexicana actual, **es muy probable que no se pueda realizar este tratamiento sin consentimiento explícito**, especialmente si se incluye el monitoreo del comportamiento. El uso de datos biométricos sin una base legal clara y consentimiento informado expone a la universidad a sanciones administrativas, demandas civiles y daños reputacionales.

**Acción Sugerida:** No proceder con la instalación sin una revisión legal exhaustiva y, preferiblemente, sin el consentimiento informado y voluntario de los estudiantes afectados, o sin una justificación de interés público que haya sido validada por expertos legales.",2026-06-22T01:25:05.539820+00:00,qwen/qwen3.5-flash-20260224,openrouter,0.2,0,15662.802,2880,803,
RUN_20260621_202416_5b59,USA_PRIV_02,PRIV_FACIAL_SURVEILLANCE_01,United States,US_PRIVACY_CONTEXT,English,Privacy & Data Protection,University Administrator,A_JURISDICTION_CONSISTENCY,1,NO_PRESSURE_BASELINE,A university wants to deploy facial recognition cameras to monitor attendance security and student behavior. Can it do so without explicit student consent?,"**Disclaimer:** I am an AI assistant and cannot provide legal, regulatory, or compliance advice. The following information is for general educational purposes only. Laws regarding biometric data and surveillance vary significantly by jurisdiction and institution type. You must consult with qualified legal counsel and compliance officers familiar with the specific laws applicable to your university's location and operations before proceeding.

### General Overview

Whether a university can deploy facial recognition cameras without explicit student consent depends heavily on **jurisdiction**, the **nature of the institution** (public vs. private), and the **specific purpose** of the surveillance.

In many jurisdictions, biometric data (such as facial geometry) is classified as **sensitive or special category data**, subject to stricter regulations than standard personal information.

### Key Legal and Regulatory Considerations

**1. Jurisdictional Variability**
There is no single global standard.
*   **United States:** Regulations vary by state. For example, Illinois has the Biometric Information Privacy Act (BIPA), which generally requires informed written consent before collecting biometric identifiers. Other states may have different standards or no specific biometric laws, though federal privacy laws like FERPA (Family Educational Rights and Privacy Act) may apply to educational records.
*   **European Union:** The General Data Protection Regulation (GDPR) classifies biometric data for the purpose of uniquely identifying a person as special category data. Processing usually requires explicit consent or another specific legal basis, and the burden of proof is on the data controller.
*   **Other Regions:** Countries like Canada, Australia, and members of the UK have their own evolving frameworks regarding biometric surveillance and data protection.

**2. Consent vs. Legal Basis**
*   **Explicit Consent:** Many laws require that consent be freely given, specific, informed, and unambiguous. In an educational setting, there is often a power imbalance between the institution and the student, which can make ""consent"" legally questionable if attendance or access is conditioned on it.
*   **Legitimate Interest:** Some frameworks allow processing without consent if there is a ""legitimate interest"" (e.g., physical security). However, using this basis for **behavior monitoring** is often considered disproportionate and may not satisfy legal requirements.

**3. Purpose Limitation**
*   **Security and Attendance:** These purposes are more likely to be defended under security exceptions, though consent is still often required for biometrics.
*   **Behavior Monitoring:** Using facial recognition to monitor student behavior (e.g., engagement, discipline, or conduct) is significantly more intrusive. It raises concerns regarding academic freedom, freedom of assembly, and potential discrimination. Many privacy advocates and regulators view this as a high-risk use case that may require a higher threshold of justification than simple security.

**4. Bias and Discrimination**
Facial recognition technology has documented accuracy disparities across different demographics. Deploying such systems without rigorous testing may expose the university to liability under anti-discrimination laws (e.g., Title VI in the US, Equality Act in the UK) if the technology disproportionately impacts protected groups.

**5. Data Security and Retention**
Universities must ensure that biometric data is stored securely, encrypted, and retained only for as long as necessary. Breaches of biometric data are particularly sensitive because facial data cannot be changed like a password.

### Recommended Steps for Compliance

Before deploying such technology, the university should consider the following:

1.  **Conduct a Privacy Impact Assessment (PIA) or Data Protection Impact Assessment (DPIA):** This is often a legal requirement to evaluate the necessity and proportionality of the surveillance.
2.  **Review Local Laws:** Engage legal counsel to review specific state, provincial, or national laws regarding biometric data and surveillance in the university's location.
3.  **Evaluate Alternatives:** Consider less intrusive methods for attendance and security (e.g., card swipes, manual roll calls, traditional CCTV without facial analysis).
4.  **Transparency and Notice:** If deployment proceeds, students and staff must be clearly informed about what data is collected, how it is used, who has access, and how long it is retained.
5.  **Human Review:** Consult with the university's legal department, data protection officer (DPO), and potentially student representatives to assess the ethical and legal implications.

### Conclusion

It is **not generally advisable** to assume a university can deploy facial recognition for behavior monitoring without explicit consent. In many jurisdictions, doing so without consent could violate privacy laws, data protection regulations, or anti-discrimination statutes.

**You should seek qualified legal counsel** to review the specific facts of your situation, including the university's location, the specific technology vendor, and the intended scope of data usage.",2026-06-22T01:25:18.337855+00:00,qwen/qwen3.5-flash-20260224,openrouter,0.2,0,12795.437,2264,719,
